{"paths": {"admin/js/vendor/select2/i18n/pt.js": "admin/js/vendor/select2/i18n/pt.33b4a3b44d43.js", "admin/js/vendor/select2/i18n/hsb.js": "admin/js/vendor/select2/i18n/hsb.fa3b55265efe.js", "admin/js/vendor/select2/i18n/vi.js": "admin/js/vendor/select2/i18n/vi.097a5b75b3e1.js", "admin/js/vendor/select2/i18n/lv.js": "admin/js/vendor/select2/i18n/lv.08e62128eac1.js", "admin/js/vendor/select2/i18n/gl.js": "admin/js/vendor/select2/i18n/gl.d99b1fedaa86.js", "admin/js/vendor/select2/i18n/pl.js": "admin/js/vendor/select2/i18n/pl.6031b4f16452.js", "admin/js/vendor/select2/i18n/el.js": "admin/js/vendor/select2/i18n/el.27097f071856.js", "admin/js/vendor/select2/i18n/dsb.js": "admin/js/vendor/select2/i18n/dsb.56372c92d2f1.js", "admin/js/vendor/select2/i18n/et.js": "admin/js/vendor/select2/i18n/et.2b96fd98289d.js", "admin/js/vendor/select2/i18n/is.js": "admin/js/vendor/select2/i18n/is.3ddd9a6a97e9.js", "admin/js/vendor/select2/i18n/sl.js": "admin/js/vendor/select2/i18n/sl.131a78bc0752.js", "admin/js/vendor/select2/i18n/ko.js": "admin/js/vendor/select2/i18n/ko.e7be6c20e673.js", "admin/js/vendor/select2/i18n/hr.js": "admin/js/vendor/select2/i18n/hr.a2b092cc1147.js", "admin/js/vendor/select2/i18n/ms.js": "admin/js/vendor/select2/i18n/ms.4ba82c9a51ce.js", "admin/js/vendor/select2/i18n/fi.js": "admin/js/vendor/select2/i18n/fi.614ec42aa9ba.js", "admin/js/vendor/select2/i18n/th.js": "admin/js/vendor/select2/i18n/th.f38c20b0221b.js", "admin/js/vendor/select2/i18n/ru.js": "admin/js/vendor/select2/i18n/ru.934aa95f5b5f.js", "admin/js/vendor/select2/i18n/eu.js": "admin/js/vendor/select2/i18n/eu.adfe5c97b72c.js", "admin/js/vendor/select2/i18n/mk.js": "admin/js/vendor/select2/i18n/mk.dabbb9087130.js", "admin/js/vendor/select2/i18n/sq.js": "admin/js/vendor/select2/i18n/sq.5636b60d29c9.js", "admin/js/vendor/select2/i18n/ja.js": "admin/js/vendor/select2/i18n/ja.170ae885d74f.js", "admin/js/vendor/select2/i18n/ka.js": "admin/js/vendor/select2/i18n/ka.2083264a54f0.js", "admin/js/vendor/select2/i18n/he.js": "admin/js/vendor/select2/i18n/he.e420ff6cd3ed.js", "admin/js/vendor/select2/i18n/bg.js": "admin/js/vendor/select2/i18n/bg.39b8be30d4f0.js", "admin/js/vendor/select2/i18n/hy.js": "admin/js/vendor/select2/i18n/hy.c7babaeef5a6.js", "admin/js/vendor/select2/i18n/sr-Cyrl.js": "admin/js/vendor/select2/i18n/sr-Cyrl.f254bb8c4c7c.js", "admin/js/vendor/select2/i18n/ne.js": "admin/js/vendor/select2/i18n/ne.3d79fd3f08db.js", "admin/js/vendor/select2/i18n/af.js": "admin/js/vendor/select2/i18n/af.4f6fcd73488c.js", "admin/js/vendor/select2/i18n/id.js": "admin/js/vendor/select2/i18n/id.04debded514d.js", "admin/js/vendor/select2/i18n/az.js": "admin/js/vendor/select2/i18n/az.270c257daf81.js", "admin/js/vendor/select2/i18n/ca.js": "admin/js/vendor/select2/i18n/ca.a166b745933a.js", "admin/js/vendor/select2/i18n/nb.js": "admin/js/vendor/select2/i18n/nb.da2fce143f27.js", "admin/js/vendor/select2/i18n/zh-CN.js": "admin/js/vendor/select2/i18n/zh-CN.2cff662ec5f9.js", "admin/js/vendor/select2/i18n/zh-TW.js": "admin/js/vendor/select2/i18n/zh-TW.04554a227c2b.js", "admin/js/vendor/select2/i18n/pt-BR.js": "admin/js/vendor/select2/i18n/pt-BR.e1b294433e7f.js", "admin/js/vendor/select2/i18n/da.js": "admin/js/vendor/select2/i18n/da.766346afe4dd.js", "admin/js/vendor/select2/i18n/fa.js": "admin/js/vendor/select2/i18n/fa.3b5bd1961cfd.js", "admin/js/vendor/select2/i18n/de.js": "admin/js/vendor/select2/i18n/de.8a1c222b0204.js", "admin/js/vendor/select2/i18n/en.js": "admin/js/vendor/select2/i18n/en.cf932ba09a98.js", "admin/js/vendor/select2/i18n/bs.js": "admin/js/vendor/select2/i18n/bs.91624382358e.js", "admin/js/vendor/select2/i18n/tk.js": "admin/js/vendor/select2/i18n/tk.7c572a68c78f.js", "admin/js/vendor/select2/i18n/sv.js": "admin/js/vendor/select2/i18n/sv.7a9c2f71e777.js", "admin/js/vendor/select2/i18n/hi.js": "admin/js/vendor/select2/i18n/hi.70640d41628f.js", "admin/js/vendor/select2/i18n/uk.js": "admin/js/vendor/select2/i18n/uk.8cede7f4803c.js", "admin/js/vendor/select2/i18n/cs.js": "admin/js/vendor/select2/i18n/cs.4f43e8e7d33a.js", "admin/js/vendor/select2/i18n/km.js": "admin/js/vendor/select2/i18n/km.c23089cb06ca.js", "admin/js/vendor/select2/i18n/fr.js": "admin/js/vendor/select2/i18n/fr.05e0542fcfe6.js", "admin/js/vendor/select2/i18n/nl.js": "admin/js/vendor/select2/i18n/nl.997868a37ed8.js", "admin/js/vendor/select2/i18n/sr.js": "admin/js/vendor/select2/i18n/sr.5ed85a48f483.js", "admin/js/vendor/select2/i18n/hu.js": "admin/js/vendor/select2/i18n/hu.6ec6039cb8a3.js", "admin/js/vendor/select2/i18n/lt.js": "admin/js/vendor/select2/i18n/lt.23c7ce903300.js", "admin/js/vendor/select2/i18n/ar.js": "admin/js/vendor/select2/i18n/ar.65aa8e36bf5d.js", "admin/js/vendor/select2/i18n/sk.js": "admin/js/vendor/select2/i18n/sk.33d02cef8d11.js", "admin/js/vendor/select2/i18n/it.js": "admin/js/vendor/select2/i18n/it.be4fe8d365b5.js", "admin/js/vendor/select2/i18n/es.js": "admin/js/vendor/select2/i18n/es.66dbc2652fb1.js", "admin/js/vendor/select2/i18n/bn.js": "admin/js/vendor/select2/i18n/bn.6d42b4dd5665.js", "admin/js/vendor/select2/i18n/ro.js": "admin/js/vendor/select2/i18n/ro.f75cb460ec3b.js", "admin/js/vendor/select2/i18n/ps.js": "admin/js/vendor/select2/i18n/ps.38dfa47af9e0.js", "admin/js/vendor/select2/i18n/tr.js": "admin/js/vendor/select2/i18n/tr.b5a0643d1545.js", "admin/css/vendor/select2/select2.min.css": "admin/css/vendor/select2/select2.min.9f54e6414f87.css", "admin/css/vendor/select2/LICENSE-SELECT2.md": "admin/css/vendor/select2/LICENSE-SELECT2.f94142512c91.md", "admin/css/vendor/select2/select2.css": "admin/css/vendor/select2/select2.a2194c262648.css", "admin/js/vendor/jquery/jquery.min.js": "admin/js/vendor/jquery/jquery.min.dc5e7f18c8d3.js", "admin/js/vendor/jquery/LICENSE.txt": "admin/js/vendor/jquery/LICENSE.75308107741f.txt", "admin/js/vendor/jquery/jquery.js": "admin/js/vendor/jquery/jquery.23c7c5d2d131.js", "admin/js/vendor/xregexp/xregexp.min.js": "admin/js/vendor/xregexp/xregexp.min.b0439563a5d3.js", "admin/js/vendor/xregexp/xregexp.js": "admin/js/vendor/xregexp/xregexp.efda034b9537.js", "admin/js/vendor/xregexp/LICENSE.txt": "admin/js/vendor/xregexp/LICENSE.bf79e414957a.txt", "admin/js/vendor/select2/LICENSE.md": "admin/js/vendor/select2/LICENSE.f94142512c91.md", "admin/js/vendor/select2/select2.full.min.js": "admin/js/vendor/select2/select2.full.min.fcd7500d8e13.js", "admin/js/vendor/select2/select2.full.js": "admin/js/vendor/select2/select2.full.c2afdeda3058.js", "admin/js/admin/RelatedObjectLookups.js": "admin/js/admin/RelatedObjectLookups.d7e023e6523b.js", "admin/js/admin/DateTimeShortcuts.js": "admin/js/admin/DateTimeShortcuts.29d0b1965c07.js", "admin/img/gis/move_vertex_on.svg": "admin/img/gis/move_vertex_on.0047eba25b67.svg", "admin/img/gis/move_vertex_off.svg": "admin/img/gis/move_vertex_off.7a23bf31ef8a.svg", "vendor/bootstrap/css/bootstrap.min.css": "vendor/bootstrap/css/bootstrap.min.eb2644c7646f.css", "vendor/bootstrap/css/bootstrap.css": "vendor/bootstrap/css/bootstrap.aefedc37294b.css", "vendor/bootstrap/css/bootstrap.css.map": "vendor/bootstrap/css/bootstrap.css.ba33e6ee1839.map", "vendor/bootstrap/css/bootstrap.min.css.map": "vendor/bootstrap/css/bootstrap.min.css.cafbda9c0e9e.map", "vendor/bootstrap/css/bootstrap-theme.css.map": "vendor/bootstrap/css/bootstrap-theme.css.829aff37a8e1.map", "vendor/bootstrap/css/bootstrap-theme.min.css.map": "vendor/bootstrap/css/bootstrap-theme.min.css.51806092cc05.map", "vendor/bootstrap/css/bootstrap-theme.css": "vendor/bootstrap/css/bootstrap-theme.da9549a015c0.css", "vendor/bootstrap/css/bootstrap-theme.min.css": "vendor/bootstrap/css/bootstrap-theme.min.2010fa9fb075.css", "vendor/bootstrap/js/npm.js": "vendor/bootstrap/js/npm.ccb7f3909e30.js", "vendor/bootstrap/js/bootstrap.js": "vendor/bootstrap/js/bootstrap.894d79839fac.js", "vendor/bootstrap/js/bootstrap.min.js": "vendor/bootstrap/js/bootstrap.min.2f34b630ffe3.js", "vendor/bootstrap/fonts/glyphicons-halflings-regular.woff": "vendor/bootstrap/fonts/glyphicons-halflings-regular.fa2772327f55.woff", "vendor/bootstrap/fonts/glyphicons-halflings-regular.eot": "vendor/bootstrap/fonts/glyphicons-halflings-regular.f4769f9bdb74.eot", "vendor/bootstrap/fonts/glyphicons-halflings-regular.woff2": "vendor/bootstrap/fonts/glyphicons-halflings-regular.448c34a56d69.woff2", "vendor/bootstrap/fonts/glyphicons-halflings-regular.ttf": "vendor/bootstrap/fonts/glyphicons-halflings-regular.e18bbf611f2a.ttf", "vendor/bootstrap/fonts/glyphicons-halflings-regular.svg": "vendor/bootstrap/fonts/glyphicons-halflings-regular.89889688147b.svg", "vendor/jsgrid/i18n/jsgrid-zh-tw.js": "vendor/jsgrid/i18n/jsgrid-zh-tw.f38b2dd2745b.js", "vendor/jsgrid/i18n/jsgrid-pt-br.js": "vendor/jsgrid/i18n/jsgrid-pt-br.e0c43ef6850d.js", "vendor/jsgrid/i18n/jsgrid-fr.js": "vendor/jsgrid/i18n/jsgrid-fr.c559d615e6cd.js", "vendor/jsgrid/i18n/jsgrid-zh-cn.js": "vendor/jsgrid/i18n/jsgrid-zh-cn.70a094763e04.js", "vendor/jsgrid/i18n/jsgrid-tr.js": "vendor/jsgrid/i18n/jsgrid-tr.07b8bc384157.js", "vendor/jsgrid/i18n/jsgrid-es.js": "vendor/jsgrid/i18n/jsgrid-es.7064e3b82655.js", "vendor/jsgrid/i18n/jsgrid-de.js": "vendor/jsgrid/i18n/jsgrid-de.da6143805b39.js", "vendor/jsgrid/i18n/jsgrid-ja.js": "vendor/jsgrid/i18n/jsgrid-ja.74d21a4ec927.js", "vendor/jsgrid/i18n/jsgrid-ka.js": "vendor/jsgrid/i18n/jsgrid-ka.2e4deaf09921.js", "vendor/jsgrid/i18n/jsgrid-he.js": "vendor/jsgrid/i18n/jsgrid-he.31a210614f61.js", "vendor/jsgrid/i18n/jsgrid-pt.js": "vendor/jsgrid/i18n/jsgrid-pt.097cd00e3697.js", "vendor/jsgrid/i18n/jsgrid-pl.js": "vendor/jsgrid/i18n/jsgrid-pl.257fb820ef9b.js", "vendor/jsgrid/i18n/jsgrid-ru.js": "vendor/jsgrid/i18n/jsgrid-ru.9ed0249dc231.js", "vendor/quill/examples/bubble.html": "vendor/quill/examples/bubble.4fdfe12eeb84.html", "vendor/quill/examples/snow.html": "vendor/quill/examples/snow.8311ca076749.html", "vendor/quill/examples/full.html": "vendor/quill/examples/full.7f0de0b58d88.html", "admin/css/widgets.css": "admin/css/widgets.b12c020d05e0.css", "admin/css/login.css": "admin/css/login.d2a477e04949.css", "admin/css/dashboard.css": "admin/css/dashboard.be83f13e4369.css", "admin/css/nav_sidebar.css": "admin/css/nav_sidebar.59831780a474.css", "admin/css/responsive.css": "admin/css/responsive.5a9bb635f4d5.css", "admin/css/autocomplete.css": "admin/css/autocomplete.781713f30664.css", "admin/css/responsive_rtl.css": "admin/css/responsive_rtl.e13ae754cceb.css", "admin/css/forms.css": "admin/css/forms.6230fc2a74ac.css", "admin/css/fonts.css": "admin/css/fonts.168bab448fee.css", "admin/css/rtl.css": "admin/css/rtl.775b89eb85cb.css", "admin/css/base.css": "admin/css/base.efb520c4bb7c.css", "admin/css/changelists.css": "admin/css/changelists.09730d6ad169.css", "admin/js/urlify.js": "admin/js/urlify.3cabcb7a9073.js", "admin/js/inlines.min.js": "admin/js/inlines.min.599e296e4c24.js", "admin/js/core.js": "admin/js/core.fae39a43def0.js", "admin/js/collapse.js": "admin/js/collapse.f84e7410290f.js", "admin/js/actions.js": "admin/js/actions.9fe89b71cbba.js", "admin/js/prepopulate.js": "admin/js/prepopulate.bd2361dfd64d.js", "admin/js/cancel.js": "admin/js/cancel.50e7573ea4a7.js", "admin/js/nav_sidebar.js": "admin/js/nav_sidebar.7605597ddf52.js", "admin/js/autocomplete.js": "admin/js/autocomplete.618a7ebf39d8.js", "admin/js/inlines.js": "admin/js/inlines.7596b7fd289e.js", "admin/js/change_form.js": "admin/js/change_form.9d8ca4f96b75.js", "admin/js/SelectFilter2.js": "admin/js/SelectFilter2.d250dcb52a9a.js", "admin/js/jquery.init.js": "admin/js/jquery.init.b7781a0897fc.js", "admin/js/popup_response.js": "admin/js/popup_response.c6cc78ea5551.js", "admin/js/SelectBox.js": "admin/js/SelectBox.46d59670a7a7.js", "admin/js/actions.min.js": "admin/js/actions.min.5f3040a29159.js", "admin/js/calendar.js": "admin/js/calendar.b4dcf6f850fe.js", "admin/js/prepopulate.min.js": "admin/js/prepopulate.min.5f7f80162256.js", "admin/js/collapse.min.js": "admin/js/collapse.min.10ac29832e2c.js", "admin/js/prepopulate_init.js": "admin/js/prepopulate_init.e056047b7a7e.js", "admin/img/search.svg": "admin/img/search.7cf54ff789c6.svg", "admin/img/icon-calendar.svg": "admin/img/icon-calendar.ac7aea671bea.svg", "admin/img/icon-clock.svg": "admin/img/icon-clock.e1d4dfac3f2b.svg", "admin/img/icon-no.svg": "admin/img/icon-no.439e821418cd.svg", "admin/img/tooltag-add.svg": "admin/img/tooltag-add.e59d620a9742.svg", "admin/img/inline-delete.svg": "admin/img/inline-delete.fec1b761f254.svg", "admin/img/LICENSE": "admin/img/LICENSE.2c54f4e1ca1c", "admin/img/icon-changelink.svg": "admin/img/icon-changelink.18d2fd706348.svg", "admin/img/icon-unknown.svg": "admin/img/icon-unknown.a18cb4398978.svg", "admin/img/sorting-icons.svg": "admin/img/sorting-icons.3a097b59f104.svg", "admin/img/icon-viewlink.svg": "admin/img/icon-viewlink.41eb31f7826e.svg", "admin/img/icon-yes.svg": "admin/img/icon-yes.d2f9f035226a.svg", "admin/img/icon-addlink.svg": "admin/img/icon-addlink.d519b3bab011.svg", "admin/img/icon-unknown-alt.svg": "admin/img/icon-unknown-alt.81536e128bb6.svg", "admin/img/icon-deletelink.svg": "admin/img/icon-deletelink.564ef9dc3854.svg", "admin/img/README.txt": "admin/img/README.a70711a38d87.txt", "admin/img/selector-icons.svg": "admin/img/selector-icons.b4555096cea2.svg", "admin/img/calendar-icons.svg": "admin/img/calendar-icons.39b290681a8b.svg", "admin/img/tooltag-arrowright.svg": "admin/img/tooltag-arrowright.bbfb788a849e.svg", "admin/img/icon-alert.svg": "admin/img/icon-alert.034cc7d8a67f.svg", "admin/fonts/Roboto-Light-webfont.woff": "admin/fonts/Roboto-Light-webfont.c73eb1ceba33.woff", "admin/fonts/Roboto-Bold-webfont.woff": "admin/fonts/Roboto-Bold-webfont.50d75e48e0a3.woff", "admin/fonts/Roboto-Regular-webfont.woff": "admin/fonts/Roboto-Regular-webfont.35b07eb2f871.woff", "admin/fonts/README.txt": "admin/fonts/README.ab99e6b541ea.txt", "admin/fonts/LICENSE.txt": "admin/fonts/LICENSE.d273d63619c9.txt", "debug_toolbar/css/toolbar.css": "debug_toolbar/css/toolbar.f55091f2065d.css", "debug_toolbar/css/print.css": "debug_toolbar/css/print.fe959e423a6a.css", "debug_toolbar/js/timer.js": "debug_toolbar/js/timer.65fba0f5f6a9.js", "debug_toolbar/js/redirect.js": "debug_toolbar/js/redirect.d643ba40b49f.js", "debug_toolbar/js/toolbar.timer.js": "debug_toolbar/js/toolbar.timer.07bea6fcf6b4.js", "debug_toolbar/js/history.js": "debug_toolbar/js/history.203571513e40.js", "debug_toolbar/js/utils.js": "debug_toolbar/js/utils.ec636419a50b.js", "debug_toolbar/js/toolbar.js": "debug_toolbar/js/toolbar.d8d90f45bf32.js", "debug_toolbar/img/ajax-loader.gif": "debug_toolbar/img/ajax-loader.d96a4c3765e9.gif", "debug_toolbar/img/indicator.png": "debug_toolbar/img/indicator.5eb28882cc03.png", "guardian/img/icon-no.svg": "guardian/img/icon-no.439e821418cd.svg", "guardian/img/icon-yes.svg": "guardian/img/icon-yes.d2f9f035226a.svg", "img/brand/favicon-16x16.png": "img/brand/favicon-16x16.1c935441c9a3.png", "img/brand/favicon.ico": "img/brand/favicon.1fe4b4ee2b11.ico", "img/brand/android-chrome-192x192.png": "img/brand/android-chrome-192x192.543dac7836ae.png", "img/brand/apple-touch-icon.png": "img/brand/apple-touch-icon.fc804fd96f13.png", "img/brand/navbar-logo.png": "img/brand/navbar-logo.477e48804acd.png", "img/brand/govready_logo_transparent.png": "img/brand/govready_logo_transparent.024a0d1a77fd.png", "img/brand/navbar-logo-rh.png": "img/brand/navbar-logo-rh.f1ee51f3349d.png", "img/brand/android-chrome-512x512.png": "img/brand/android-chrome-512x512.c7d3e0a6cca1.png", "img/brand/navbar-logo-rh-lc.png": "img/brand/navbar-logo-rh-lc.36c068ba48a1.png", "img/brand/favicon-32x32.png": "img/brand/favicon-32x32.ca48074d5f2c.png", "img/icons/check.png": "img/icons/check.5b0371c26bbe.png", "img/icons/spinner.gif": "img/icons/spinner.26ef8bb41803.gif", "img/icons/check-small.png": "img/icons/check-small.9fb9575d8d63.png", "img/icons-elements/cisco.png": "img/icons-elements/cisco.4179eefc4b6a.png", "img/icons-elements/wazuh.png": "img/icons-elements/wazuh.8e6037870b57.png", "img/icons-elements/rsa.png": "img/icons-elements/rsa.43123ae12d6e.png", "img/icons-elements/ms-sql.png": "img/icons-elements/ms-sql.7e3605412c8a.png", "img/icons-elements/aws.png": "img/icons-elements/aws.10a1556083cb.png", "img/icons-elements/manage.png": "img/icons-elements/manage.a3ec7252f8b2.png", "img/icons-elements/apple.png": "img/icons-elements/apple.afec26981917.png", "img/icons-elements/ios.png": "img/icons-elements/ios.3ad8e2e73a67.png", "img/icons-elements/redhat.png": "img/icons-elements/redhat.fc4a51cc6eab.png", "img/icons-elements/i-forget.png": "img/icons-elements/i-forget.482849695a0a.png", "img/icons-elements/ubuntu.png": "img/icons-elements/ubuntu.804975ba1121.png", "img/icons-elements/centos.png": "img/icons-elements/centos.43448c0a0e67.png", "img/icons-elements/windows-10.png": "img/icons-elements/windows-10.763c0bc12abd.png", "vendor/css/select2.min.css": "vendor/css/select2.min.9f54e6414f87.css", "vendor/js/select2.min.js": "vendor/js/select2.min.0f64f3a3a0c6.js", "vendor/emojione/emojione-sprite-24-activity.png": "vendor/emojione/emojione-sprite-24-activity.d41d8cd98f00.png", "vendor/emojione/emojione-sprite-24-people@2x.png": "vendor/emojione/emojione-sprite-24-people@2x.92fc7394138d.png", "vendor/emojione/emojione-sprite-24-food.png": "vendor/emojione/emojione-sprite-24-food.d41d8cd98f00.png", "vendor/emojione/emojione-sprite-24-nature.png": "vendor/emojione/emojione-sprite-24-nature.d41d8cd98f00.png", "vendor/emojione/emojione-sprite-24-objects@2x.png": "vendor/emojione/emojione-sprite-24-objects@2x.c37427e6782e.png", "vendor/emojione/emojione-sprite-24-diversity@2x.png": "vendor/emojione/emojione-sprite-24-diversity@2x.d41d8cd98f00.png", "vendor/emojione/emojione-sprite-24-people.png": "vendor/emojione/emojione-sprite-24-people.f69859d2078d.png", "vendor/emojione/emojione-sprite-24-travel@2x.png": "vendor/emojione/emojione-sprite-24-travel@2x.d41d8cd98f00.png", "vendor/emojione/emojione-sprite-24-nature@2x.png": "vendor/emojione/emojione-sprite-24-nature@2x.d41d8cd98f00.png", "vendor/emojione/emojione-sprite-24-objects.png": "vendor/emojione/emojione-sprite-24-objects.8846fed5a532.png", "vendor/emojione/emojione-sprite-24-diversity.png": "vendor/emojione/emojione-sprite-24-diversity.d41d8cd98f00.png", "vendor/emojione/emojione-sprite-24-activity@2x.png": "vendor/emojione/emojione-sprite-24-activity@2x.d41d8cd98f00.png", "vendor/emojione/emojione-sprite-24-flags@2x.png": "vendor/emojione/emojione-sprite-24-flags@2x.d41d8cd98f00.png", "vendor/emojione/emojione-sprite-24-regional.png": "vendor/emojione/emojione-sprite-24-regional.d41d8cd98f00.png", "vendor/emojione/emojione-sprite-24-symbols.png": "vendor/emojione/emojione-sprite-24-symbols.8ab4071d8acf.png", "vendor/emojione/emojione-sprite-24-travel.png": "vendor/emojione/emojione-sprite-24-travel.d41d8cd98f00.png", "vendor/emojione/emojione-sprite-24.min.css": "vendor/emojione/emojione-sprite-24.min.f4e170b05a27.css", "vendor/emojione/emojione-sprite-24-food@2x.png": "vendor/emojione/emojione-sprite-24-food@2x.d41d8cd98f00.png", "vendor/emojione/emojione-sprite-24-symbols@2x.png": "vendor/emojione/emojione-sprite-24-symbols@2x.0d48a801057c.png", "vendor/emojione/emojione-sprite-24-flags.png": "vendor/emojione/emojione-sprite-24-flags.d41d8cd98f00.png", "vendor/emojione/emojione-sprite-24-regional@2x.png": "vendor/emojione/emojione-sprite-24-regional@2x.d41d8cd98f00.png", "vendor/jsgrid/jsgrid.min.js": "vendor/jsgrid/jsgrid.min.707d1e89f149.js", "vendor/jsgrid/jsgrid.js": "vendor/jsgrid/jsgrid.89b4ee880063.js", "vendor/jsgrid/jsgrid-theme.css": "vendor/jsgrid/jsgrid-theme.ea6058787f39.css", "vendor/jsgrid/jsgrid.min.css": "vendor/jsgrid/jsgrid.min.51c00149bf62.css", "vendor/jsgrid/jsgrid-theme.min.css": "vendor/jsgrid/jsgrid-theme.min.cd57d727b569.css", "vendor/jsgrid/jsgrid.css": "vendor/jsgrid/jsgrid.eb564f09d3c6.css", "vendor/quill/quill.js": "vendor/quill/quill.03c7675b126e.js", "vendor/quill/quill.snow.css": "vendor/quill/quill.snow.7939ef063221.css", "vendor/quill/quill.bubble.css": "vendor/quill/quill.bubble.d166b7bf35c6.css", "vendor/quill/quill.min.js": "vendor/quill/quill.min.929349222da7.js", "vendor/quill/quill.min.js.map": "vendor/quill/quill.min.js.0057259f4a11.map", "vendor/quill/quill.core.css": "vendor/quill/quill.core.be8725e79b78.css", "vendor/quill/quill.core.js": "vendor/quill/quill.core.e73bb71fb0cf.js", "notifications/notify.js": "notifications/notify.adeb6bd4d98d.js", "css/google-fonts.css": "css/google-fonts.ecf420d33a0d.css", "css/govready-q.css": "css/govready-q.8666bc4f8277.css", "js/authoring_tool.js": "js/authoring_tool.3605abd92238.js", "js/main.js": "js/main.b60616ff0751.js", "js/quill_commonmark.js": "js/quill_commonmark.a679afb6d774.js", "vendor/bootstrap-responsive-tabs.js": "vendor/bootstrap-responsive-tabs.6faf15d2b4f6.js", "vendor/Hind_700.woff2": "vendor/Hind_700.7927dae4485c.woff2", "vendor/textcomplete.min.js.map": "vendor/textcomplete.min.js.4523a691fea0.map", "vendor/Hind_400.woff2": "vendor/Hind_400.61e99a257f88.woff2", "vendor/Lato_900.woff2": "vendor/Lato_900.947e87c53b57.woff2", "vendor/Hind_400.woff": "vendor/Hind_400.2cc32488e745.woff", "vendor/textcomplete.min.js": "vendor/textcomplete.min.b2e321fdb2cf.js", "vendor/bootstrap-helpers.js": "vendor/bootstrap-helpers.b09967128926.js", "vendor/js-yaml.min.js": "vendor/js-yaml.min.1785fd6885a7.js", "vendor/fontawesome.js": "vendor/fontawesome.b9a4916a6b84.js", "vendor/push.js": "vendor/push.e618a8e3f627.js", "vendor/Lato_900.woff": "vendor/Lato_900.a82ff6ac9208.woff", "vendor/jquery-ui.js": "vendor/jquery-ui.0a497d4661df.js", "vendor/Hind_700.woff": "vendor/Hind_700.94ed25b46f38.woff", "vendor/jquery.js": "vendor/jquery.dc5e7f18c8d3.js", "vendor/autosize.min.js": "vendor/autosize.min.ad0656589d34.js", "img/default_cart_icon_sm.png": "img/default_cart_icon_sm.b4b340f2616b.png", "img/default_cart_icon.png": "img/default_cart_icon.edcfb7c57496.png", "img/default_app_icon.png": "img/default_app_icon.1a9bd9c633b3.png", "js/discussion.js": "js/discussion.9e2e4f20c285.js"}, "version": "1.0"}